<?xml version="1.0" encoding="UTF-8" standalone="yes"?>
<!--
    Jolly Roger

-->
<installer>
    <!--
        Addons is a required container for a list of addon username and addon_id pairs.
        Each container requires both pairs.
    -->
    <addons>
        <addon>
            <addon_id>plugin.video.venom</addon_id>
            <username>123venom</username>
        </addon>
        <addon>
            <addon_id>plugin.video.animaltv</addon_id>
            <username>tvaddonsco</username>
        </addon>
    </addons>

</installer>
